Keyword,Suggestion
doraemon,doraemon yume wo kanaete lyrics
doraemon,doraemon nobita
doraemon,doraemon height
doraemon,doraemon 83
doraemon,doraemon 4k wallpaper for mobile
doraemon,doraemon face
doraemon,doraemon jawa
doraemon,doraemon facebook
doraemon,doraemon malay
doraemon,doraemon png
doraemon,doraemon harvest moon
doraemon,doraemon 3d game
doraemon,doraemon 80
doraemon,doraemon 91
doraemon,doraemon baling baling bambu
doraemon,doraemon movie 2020
doraemon,doraemon adalah hewan
doraemon,doraemon vol 0
doraemon,doraemon 657
doraemon,doraemon the movie sub indo
doraemon,doraemon 600
doraemon,doraemon stand by me 1
doraemon,doraemon 70
doraemon,doraemon ost stand by me
doraemon,doraemon 5 lines
doraemon,doraemon volume 7
doraemon,doraemon exe
doraemon,doraemon itu hewan apa
doraemon,doraemon lyrics
doraemon,doraemon no uta lyrics
doraemon,doraemon wallpaper hd
doraemon,doraemon qualities
doraemon,doraemon dinosaur
doraemon,doraemon unreleased game download apk
doraemon,doraemon japanese
doraemon,doraemon coloring pages
doraemon,doraemon lirik
doraemon,doraemon picture
doraemon,doraemon song
doraemon,doraemon legenda raja matahari
doraemon,doraemon 4d wallpaper
doraemon,doraemon little star wars 2021
doraemon,doraemon year
doraemon,doraemon font
doraemon,doraemon opening
doraemon,doraemon official store
doraemon,doraemon comic
doraemon,doraemon 1969
doraemon,doraemon bandai
doraemon,doraemon 2019
doraemon,doraemon fandom
doraemon,doraemon bahasa indonesia no zoom
doraemon,doraemon 800
doraemon,doraemon hari ini
doraemon,doraemon zombie game download
doraemon,doraemon ulang tahun
doraemon,doraemon full movie
doraemon,doraemon episode terakhir
doraemon,doraemon episode list
doraemon,doraemon petualangan
doraemon,doraemon wiki
doraemon,doraemon genre
doraemon,doraemon 1st episode date
doraemon,doraemon hindi
doraemon,doraemon japanese episodes
doraemon,doraemon last episode
doraemon,doraemon and friends
doraemon,doraemon zoom background
doraemon,doraemon first episode
doraemon,doraemon opening lyrics
doraemon,doraemon kartun atau anime
doraemon,doraemon 0 rar
doraemon,doraemon 0
doraemon,doraemon the movie bahasa indonesia
doraemon,doraemon 4d
doraemon,doraemon japanese name
doraemon,doraemon lyrics japanese
doraemon,doraemon quiet book
doraemon,doraemon bahasa indonesia full movie
doraemon,doraemon youtube bahasa indonesia
doraemon,doraemon age
doraemon,doraemon gucci
doraemon,doraemon quotes funny
doraemon,doraemon door to everywhere
doraemon,doraemon zindagi sawar du mp3 download
doraemon,doraemon 3 pendekar fantasi
doraemon,doraemon house
doraemon,doraemon 2020
doraemon,doraemon x friends
doraemon,doraemon ye bhi tha nobita
doraemon,doraemon 82
doraemon,doraemon and nobita
doraemon,doraemon 90cm
doraemon,doraemon yt stylish name
doraemon,doraemon 8 bit
doraemon,doraemon kachi kochi
doraemon,doraemon in japanese
doraemon,doraemon quotes tagalog
doraemon,doraemon 77
doraemon,doraemon zombie game
doraemon,doraemon episode 1 sub indo
doraemon,doraemon birthday
doraemon,doraemon cute
doraemon,doraemon hiragana
doraemon,doraemon 0 manga
doraemon,doraemon 64
doraemon,doraemon 95
doraemon,doraemon 2018
doraemon,doraemon nobita's chronicle of the moon exploration
doraemon,doraemon 666
doraemon,doraemon 2021 movie
doraemon,doraemon dan nobita
doraemon,doraemon jam berapa
doraemon,doraemon 79
doraemon,doraemon 10
doraemon,doraemon xxi stand by me
doraemon,doraemon 3 game download apkpure
doraemon,doraemon girlfriend
doraemon,doraemon 73
doraemon,doraemon quotes
doraemon,doraemon hd wallpaper
doraemon,doraemon cartoon
doraemon,doraemon no zoom
doraemon,doraemon ost chord
doraemon,doraemon uniqlo
doraemon,doraemon shizuka
doraemon,doraemon x uniqlo
doraemon,doraemon 7 colour transforming balls
doraemon,doraemon x gucci
doraemon,doraemon japanese lyrics
doraemon,doraemon with ears
doraemon,doraemon door
doraemon,doraemon 500
doraemon,doraemon 664
doraemon,doraemon the movie nobita's new dinosaur
doraemon,doraemon stand by me
doraemon,doraemon lucu
doraemon,doraemon google
doraemon,doraemon gadget
doraemon,doraemon room
doraemon,doraemon 3d wallpaper
doraemon,doraemon in hindi
doraemon,doraemon in chinese
doraemon,doraemon dan dorami
doraemon,doraemon fan art
doraemon,doraemon 1973 watch online
doraemon,doraemon release date
doraemon,doraemon pink
doraemon,doraemon character
doraemon,doraemon youtube indonesia
doraemon,doraemon upcoming movies
doraemon,doraemon gambar
doraemon,doraemon ost
doraemon,doraemon 40
doraemon,doraemon quora
doraemon,doraemon wallpaper 3d
doraemon,doraemon sub indo
doraemon,doraemon lagu
doraemon,doraemon 1979
doraemon,doraemon 5 game free download
doraemon,doraemon family
doraemon,doraemon manga
doraemon,doraemon stand by me 2
doraemon,doraemon movie
doraemon,doraemon chord
doraemon,doraemon opening song
doraemon,doraemon nobita's new dinosaur
doraemon,doraemon game
doraemon,doraemon kantong ajaib
doraemon,doraemon doraemon
doraemon,doraemon 400
doraemon,doraemon 3
doraemon,doraemon 4d pocket
doraemon,doraemon logo
doraemon,doraemon hewan apa
doraemon,doraemon vector
doraemon,doraemon 5 game
doraemon,doraemon video
doraemon,doraemon zandacross
doraemon,doraemon x gucci t shirt
doraemon,doraemon yume wo kanaete
doraemon,doraemon ice cream
doraemon,doraemon upcoming movie in india 2021
doraemon,doraemon keren
doraemon,doraemon 47
doraemon,doraemon 50th anniversary date
doraemon,doraemon robot
doraemon,doraemon zodiac sign
doraemon,doraemon hitam putih
doraemon,doraemon 5 sentences
doraemon,doraemon bahasa indonesia
doraemon,doraemon osu
doraemon,doraemon indonesia lirik
doraemon,doraemon 1st episode
doraemon,doraemon 01 episode in hindi
doraemon,doraemon voice actor
doraemon,doraemon 88
doraemon,doraemon quiz
doraemon,doraemon va
doraemon,doraemon 6 game
doraemon,doraemon website
doraemon,doraemon 2007
doraemon,doraemon 2021
doraemon,doraemon 2005
doraemon,doraemon wallpaper iphone
doraemon,doraemon wallpaper
doraemon,doraemon nobita's dinosaur
doraemon,doraemon opening lirik
doraemon,doraemon 1973
doraemon,doraemon underwater adventure
doraemon,doraemon movie list
doraemon,doraemon 9
doraemon,doraemon kuning
doraemon,doraemon voice
doraemon,doraemon cake
doraemon,doraemon ukulele chord
doraemon,doraemon jaya
doraemon,doraemon 8k wallpaper
doraemon,doraemon 1979 episodes
doraemon,doraemon robot kingdom
doraemon,doraemon film
doraemon,doraemon 50th anniversary merchandise
doraemon,doraemon zindagi sawar du lyrics
doraemon,doraemon rcti
doraemon,doraemon ending comic
doraemon,doraemon tagalog
doraemon,doraemon zindagi sawar du song
doraemon,doraemon untuk mewarnai
doraemon,doraemon yellow
doraemon,doraemon x takashi murakami
doraemon,doraemon 1
doraemon,doraemon quotes in hindi
doraemon,doraemon upgrade tools
doraemon,doraemon 7
doraemon,doraemon 01
doraemon,doraemon stand by me 2 full movie
doraemon,doraemon giant
doraemon,doraemon full movie sub indo
doraemon,doraemon lirik jepang
doraemon,doraemon hd
doraemon,doraemon images
doraemon,doraemon 50th anniversary
doraemon,doraemon poster
doraemon,doraemon story of seasons
doraemon,doraemon jpg
doraemon,doraemon the movie
doraemon,doraemon vs battle
doraemon,doraemon komik online
doraemon,doraemon netflix
doraemon,doraemon 2011
doraemon,doraemon itu apa
doraemon,doraemon 6
doraemon,doraemon all movie
doraemon,doraemon opening song lyrics
doraemon,doraemon 720p
doraemon,doraemon ringtone
doraemon,doraemon pocket
doraemon,doraemon 667
doraemon,doraemon ending song
doraemon,doraemon-0909
doraemon,doraemon wii
doraemon,doraemon 668
doraemon,doraemon terbaru 2021
doraemon,doraemon x gucci oversize t-shirt
doraemon,doraemon 665
doraemon,doraemon voice actor japanese
doraemon,doraemon 52 ko movie
doraemon,doraemon indonesia
doraemon,doraemon tricycle
doraemon,doraemon episode 1
doraemon,doraemon 3 game download apk android
doraemon,doraemon bahasa indonesia terbaru
doraemon,doraemon 2
doraemon,doraemon x reader
doraemon,doraemon raja matahari
doraemon,doraemon berasal dari
doraemon,doraemon coloring
doraemon,doraemon zombie
doraemon,doraemon komik
doraemon,doraemon background
doraemon,doraemon kucing atau musang
doraemon,doraemon warna kuning
doraemon,doraemon dorayaki
doraemon,doraemon ending
doraemon,doraemon sedot wc
doraemon,doraemon 89
doraemon,doraemon movie 2021
doraemon,doraemon itu anime atau kartun
doraemon,doraemon 73 lost media
doraemon,doraemon not angka
doraemon,doraemon jepang lirik
doraemon,doraemon the movie 2021
doraemon,doraemon cast
doraemon,doraemon the movie nobita's treasure island
doraemon,doraemon drawing
doraemon,doraemon 87
doraemon,doraemon 000
doraemon,doraemon kibo
doraemon,doraemon bahasa indonesia facebook
doraemon,doraemon 90s
doraemon,doraemon 1 episode
doraemon,doraemon 9xmovies
doraemon,doraemon wikipedia
doraemon,doraemon karakter
doraemon,doraemon xx1
doraemon,doraemon jaiko
doraemon,doraemon 4
doraemon,doraemon x hello kitty
doraemon,doraemon english
doraemon,doraemon png hd
doraemon,doraemon movie bahasa indonesia
doraemon,doraemon gundam
doraemon,doraemon mewarnai
doraemon,doraemon quotes english
doraemon,doraemon 5
doraemon,doraemon vespa
doraemon,doraemon anime
doraemon,doraemon zara
doraemon,doraemon treasure island
doraemon,doraemon 3d movie
doraemon,doraemon 02
doraemon,doraemon 99 apple
doraemon,doraemon story of seasons guide
doraemon,doraemon 999
doraemon,doraemon dubbing indonesia
doraemon,doraemon 900
doraemon,doraemon movie sub indo
doraemon,doraemon antarctic kachi kochi
doraemon,doraemon 7 eleven
doraemon,doraemon 037
doraemon,doraemon 4k wallpaper for pc
doraemon,doraemon episode
doraemon,doraemon pisuke
doraemon,doraemon 08
doraemon,doraemon chronicle of the moon exploration
doraemon,doraemon youtube
doraemon,doraemon real life
doraemon,doraemon 4k wallpaper
doraemon,doraemon yts
doraemon,doraemon ps4
doraemon,doraemon real story
doraemon,doraemon 2017
doraemon,doraemon adalah
doraemon,doraemon petualangan bahasa indonesia
doraemon,doraemon 99
doraemon,doraemon meme
doraemon,doraemon rcti jam berapa
doraemon,doraemon aesthetic
doraemon,doraemon quiz which character are you
doraemon,doraemon adventure
doraemon,doraemon 3d game download
doraemon,doraemon theme song
doraemon,doraemon no uta
doraemon,doraemon 3d
doraemon,doraemon 720p download
doraemon,doraemon new movie
doraemon,doraemon gif
doraemon,doraemon dorami
doraemon,doraemon 8
doraemon,doraemon 3 game download
anjing,anjing hachiko
anjing,anjing 1982
anjing,anjing hitam
anjing,anjing hush puppies
anjing,anjing hitam putih
anjing,anjing ukuran kecil
anjing,anjing vizsla
anjing,anjing kampung
anjing,kaki anjing x
anjing,anjing ferguson
anjing,anjing whisky
anjing,anjing muntah kuning
anjing,anjing nama ilmiah
anjing,anjing beagle
anjing,anjing one man dog
anjing,anjing ratu inggris
anjing,anjing ini anak anjing comel
anjing,anjing besar
anjing,cendo xitrol anjing
anjing,anjing berat 70 kg
anjing,kandang anjing 01
anjing,4 anjing
anjing,anjing quiet translation
anjing,anjing online
anjing,anjing beagle umur 7 bulan
anjing,anjing chow chow
anjing,anjing in mandarin
anjing,anjing poodle
anjing,anjing golden retriever
anjing,anjing epilepsi
anjing,anjing asli indonesia
anjing,anjing laut bahasa inggris
anjing,anjing 3 huruf
anjing,anjing doberman
anjing,anjing nafas cepat
anjing,anjing 3
anjing,anjing jenis pom
anjing,anjing yang tidak bisa besar
anjing,anjing edho zell
anjing,anjing aj-618c
anjing,anjing hutan
anjing,anjing golden retriever harga
anjing,anjing jamuran
anjing,anjing hamil berapa lama
anjing,anjing quora
anjing,anjing polisi
anjing,anjing kecil lucu
anjing,jual anjing xolo
anjing,kereta langgar anjing 4d
anjing,anjing zaman purba
anjing,anjing 2 bulan tidak mau makan
anjing,anjing dalmatian
anjing,anjing shih tzu
anjing,anjing group 5
anjing,anjing warna coklat
anjing,anjing menangis
anjing,anjing omnivora
anjing,anjing vietnam
anjing,anjing rabies
anjing,anjing pudel
anjing,anjing ngakak
anjing,budi 01 anjing
anjing,anjing anabul
anjing,anjing laut dan singa laut
anjing,anjing eskimo
anjing,anjing ilahi
anjing,anjing 400 juta
anjing,anjing welsh corgi
anjing,anjing pitbull
anjing,anjing jawa
anjing,anjing warna putih
anjing,anjing 88 poker
anjing,xiaomi anjing
anjing,anjing terbesar
anjing,anjing wayv
anjing,anjing muntah makanan
anjing,anjing qitmir
anjing,anjing 2 bulan boleh dimandikan
anjing,anjing kaki pendek
anjing,anjing jelek
anjing,anjing lucu
anjing,anjing french bulldog
anjing,anjing pom mini
anjing,anjing fluffy
anjing,anjing menggonggong
anjing,anjing origami
anjing,shio anjing 94
anjing,anjing 123
anjing,anjing westie
anjing,anjing erek erek
anjing,anjing mini
anjing,anjing 4d
anjing,anjing cacingan
anjing,anjing kancil
anjing,anjing golden harga
anjing,quotes anjing kesayangan
anjing,anjing 76
anjing,anjing quiet
anjing,anjing herder
anjing,anjing putih
anjing,4d anjing beranak
anjing,anjing eek darah
anjing,anjing olx
anjing,anjing german shepherd
anjing,anjing yorkie
anjing,anjing di tom and jerry
anjing,anjing labrador
anjing,anjing alaskan malamute
anjing,anjing mini pom
anjing,anjing film
anjing,anjing aj-618e review
anjing,anjing ekor turun
anjing,anjing aj-618e instructions
anjing,anjing kecil
anjing,anjing maltese
anjing,anjing gembala jerman
anjing,xinjiang
anjing,anjing terpintar
anjing,anjing demam
anjing,anjing rottweiler
anjing,anjing retriever
anjing,nombor anjing 4d
anjing,anjing dachshund
anjing,anjing qitmir masuk surga
anjing,5 anjing terpintar
anjing,anjing liar
anjing,anjing yang masuk surga
anjing,anjing neraka
anjing,umur anjing 9 bulan
anjing,anjing ras
anjing,panjang xenia
anjing,anjing 2 bulan makan apa
anjing,anjing doge
anjing,anjing imut
anjing,anjing alaskan
anjing,anjing dogo
anjing,anjing untuk berburu
anjing,anjing loop
anjing,anjing teacup
anjing,anjing adopsi
anjing,anjing wibu
anjing,kenajisan anjing 4 mazhab
anjing,7 anjing setia
anjing,anjing jalanan
anjing,anjing 700
anjing,anjing kintamani
anjing,anjing chihuahua
anjing,anjing termahal
anjing,anjing ashabul kahfi
anjing,anjing yang tidak bau
anjing,anjing tintin
anjing,anjing akita
anjing,anjing 1 jutaan
anjing,anjing flu
anjing,anjing scooby doo
anjing,anjing88 apk
anjing,anjing yang tidak berisik
anjing,anjing 1 bulan
anjing,anjing 88 poker online
anjing,anjing zitsu
anjing,anjing vs babi hutan
anjing,anjing ukuran sedang
anjing,anjing frenchie
anjing,anjing 618e
anjing,anjing 101
anjing,anjing yorkshire
anjing,anjing rottweiler harga
anjing,anjing 3d
anjing,anjing vivi
anjing,anjing 3 tahun setara dengan
anjing,anjing 2 jutaan
anjing,anjing french bulldog harga
anjing,anjing yang mudah dipelihara
anjing,anjing aj-618a manual
anjing,anjing 4 bulan
anjing,anjing 4d togel
anjing,anjing 5 miliar
anjing,anjing 1994 unsur apa
anjing,anjing boleh makan mangga
anjing,anjing dijual semarang
anjing,anjing peking
anjing,anjing ekor pendek
anjing,anjing 3 bulan makan apa
anjing,anjing adalah
anjing,anjing kintamani harga
anjing,anjing malamute
anjing,anjing pelacak k9
anjing,sio anjing
anjing,anjing great dane
anjing,anjing yang cocok untuk pemula
anjing,anak anjing 5 bulan
anjing,900 anjing
anjing,anjing akita harga
anjing,anjing 2d
anjing,anjing bulldog
anjing,anjing semarang
anjing,anjing untuk jaga rumah
anjing,anjing husky
anjing,anjing kd-908d
anjing,anjing 618
anjing,anjing gila
anjing,anjing fox terrier
anjing,anjing menggonggong kafilah berlalu
anjing,anjing ngakak meme
anjing,anjing 2021
anjing,anjing coklat
anjing,anjing galak
anjing,anjing inggris
anjing,anjing 5
anjing,anjing golden
anjing,anjing corgi
anjing,anjing wolf
anjing,anjing yapom
anjing,anjing vector
anjing,anjing boleh makan telur
anjing,anjing untuk orang alergi
anjing,anjing ngorok
anjing,anjing exo
anjing,anjing 500 ribuan
anjing,anjing cegukan
anjing,anjing family
anjing,anjing 3d google
anjing,anjing 9 bulan
anjing,anjing 1994
anjing,anjing vaksin
anjing,anak anjing 500 ribuan
anjing,anjing muntah
anjing,anjing raksasa
anjing,anjing xolo
anjing,anjing emoji
anjing,anjing coco
anjing,anjing meme
anjing,anjing berkaki 8
anjing,anjing obesitas
anjing,anjing ras besar
anjing,anjing ninja hatori
anjing,anjing tidak mau makan
anjing,tahun 94 anjing apa
anjing,anjing 1994 unsur
anjing,anjing batuk
anjing,anjing 7 bulan
anjing,anjing boxer
anjing,anjing collie
anjing,anjing diare
anjing,anjing laut in english
anjing,anjing 3 jutaan
anjing,anjing border collie
anjing,kandang anjing 04
anjing,anjing jack russell
anjing,anjing ubanan
anjing,anjing import
anjing,anjing aj-618c manual
anjing,anjing untuk dijual
anjing,anjing aj-618c instructions
anjing,anjing vegetarian
anjing,x ray anjing
anjing,anjing warna hitam
anjing,anjing tibetan mastiff
anjing,anjing jerman
anjing,anjing wikipedia
anjing,anjing 81 reverbnation
anjing,anjing kartun
anjing,anjing aj-618d manual
anjing,anjing kita
anjing,anjing pug
anjing,anjing k9
anjing,anjing 88
anjing,anjing golden 8 bulan
anjing,anjing laut
anjing,anjing quotes
anjing,anjing oren
anjing,anjing ras kecil
anjing,anjing naik motor
anjing,anjing golden 9 bulan
anjing,anjing hamil
anjing,anjing 3 warna
anjing,anjing vegan
anjing,anjing 3 bulan
anjing,anjing chow chow harga
anjing,anjing ompong
anjing,anjing tanah
anjing,anjing corgi harga
anjing,anjing 5 bulan susah makan
anjing,anjing bali
anjing,anjing que significa
anjing,anjing husky harga
anjing,anjing ajag
anjing,anjing terrier
anjing,anjing 1970 unsur apa
anjing,anjing jual
anjing,anjing 5 bulan
anjing,anjing no togel
anjing,anjing sosis
anjing,anjing gembala
anjing,anjing up
anjing,anjing rumahan
anjing,anjing 3d togel
anjing,anjing pom
anjing,anjing lucu imut
anjing,anjing jepang
anjing,anjing siberian husky
anjing,anjing bichon
anjing,anjing vs babi duel
anjing,anjing tekel
anjing,anjing ukuran besar
anjing,anjing lassie
anjing,anjing untuk pemula
anjing,anjing serigala
anjing,anjing 50
anjing,anjing shiba inu harga
anjing,anjing in english
anjing,anjing 2 bulan makan berapa kali
anjing,anjing zombie
anjing,anjing jenis
anjing,anjing zitshu
anjing,qing anjing
anjing,apk hack anjing88
anjing,anjing shiba
anjing,anjing in korean
anjing,harga kandang anjing 03
anjing,anjing samoyed
anjing,anjing 2018 unsur apa
anjing,anjing 2d togel
anjing,anjing 86
anjing,anjing 2 bulan
anjing,anjing dalam quran
anjing,anjing indonesia
anjing,anjing 4d buku mimpi
anjing,biaya x ray anjing
anjing,anjing vs kucing
anjing,anjing shiba inu
anjing,anjing eropa
anjing,anjing 6 bulan
anjing,anjing penjaga
anjing,anjing 1 tahun setara dengan
anjing,anjing dalam bahasa arab
anjing,anjing fbi
anjing,anjing yang tidak rontok
naruto,naruto the movie
naruto,naruto 8 tails cloak
naruto,naruto 1000 bayangan
naruto,naruto hokage
naruto,naruto 88 bistro
naruto,naruto quotev
naruto,naruto impact
naruto,naruto die
naruto,naruto characters
naruto,naruto rasengan
naruto,naruto psp
naruto,naruto author
naruto,naruto dan hinata
naruto,naruto ost list
naruto,naruto the movie list
naruto,naruto 7th hokage
naruto,naruto 207 gomunime
naruto,naruto 8 gates
naruto,naruto blood prison
naruto,naruto 2 tails
naruto,naruto 8 tails jinchuriki
naruto,naruto wind
naruto,naruto 9 tails name
naruto,naruto mal
naruto,naruto komik
naruto,naruto ova
naruto,naruto 10
naruto,naruto 7 tails
naruto,naruto 5 star astd
naruto,naruto cast
naruto,naruto filler
naruto,naruto episode terakhir
naruto,naruto episodes total
naruto,naruto ost
naruto,naruto ultimate ninja storm revolution
naruto,naruto 6th hokage
naruto,naruto 6 tails jinchuriki
naruto,naruto ultimate ninja storm 5
naruto,naruto ninja storm 5
naruto,naruto boruto
naruto,naruto wallpaper 4k
naruto,naruto hinata
naruto,naruto quits team 7 fanfiction
naruto,naruto meninggal
naruto,naruto headband
naruto,naruto funny face
naruto,naruto gambar
naruto,naruto eyes
naruto,naruto voice actor
naruto,naruto 5 great nations
naruto,naruto ps4
naruto,naruto 8k wallpaper for mobile
naruto,naruto is a heroic spirit fanfiction
naruto,naruto 3v3 games offline
naruto,naruto shippuden season 1
naruto,naruto shippuden netflix
naruto,naruto dubbing indonesia
naruto,naruto 2 tails form
naruto,naruto mbti
naruto,naruto retsuden
naruto,naruto x boruto ninja voltage tier list
naruto,naruto 71
naruto,naruto0919 real name
naruto,naruto 5v5
naruto,naruto ao3
naruto,naruto ninja council 2
naruto,naruto 1st episode release date
naruto,naruto 7th hokage cloak
naruto,naruto young danzo
naruto,naruto shippuden episode list
naruto,naruto clan
naruto,naruto 2.6
naruto,naruto zabuza arc episodes
naruto,naruto jiraiya death episode
naruto,does naruto die in the 4th great ninja war
naruto,naruto mode baryon
naruto,naruto 5e
naruto,naruto 8 tails form
naruto,naruto 6 tails
naruto,naruto birthday
naruto,naruto shippuden
naruto,naruto x tsunade wattpad
naruto,naruto world map
naruto,naruto to boruto shinobi striker
naruto,naruto 5
naruto,naruto 02
naruto,naruto kurama mode
naruto,naruto 999
naruto,naruto wikipedia
naruto,naruto song
naruto,naruto theme song
naruto,naruto gif
naruto,naruto quiz hard
naruto,naruto zen creations
naruto,naruto road to ninja
naruto,naruto 9 tails seal
naruto,naruto manga
naruto,naruto pain
naruto,naruto yahiko
naruto,naruto 360
naruto,naruto in boruto
naruto,naruto yukimaru
naruto,naruto lemons fanfic
naruto,naruto war tycoon codes
naruto,naruto hokage ke berapa
naruto,naruto oc
naruto,naruto zodiac
naruto,naruto 2021 movie release date
naruto,naruto 2021
naruto,naruto yota
naruto,naruto 4th great ninja war
naruto,naruto child
naruto,naruto last episode
naruto,naruto ninja storm
naruto,naruto genre
naruto,naruto the last
naruto,naruto 5 kages
naruto,naruto drawing
naruto,naruto girl character
naruto,naruto rise of a ninja
naruto,naruto blue bird
naruto,naruto live action 2021
naruto,naruto ppsspp
naruto,naruto zaku
naruto,naruto databook
naruto,naruto yugito
naruto,naruto 1st season
naruto,naruto jonin
naruto,naruto 5th hokage
naruto,naruto ultimate ninja storm
naruto,naruto 0919 tiktok
naruto,naruto juubi
naruto,naruto 9 tails
naruto,naruto characters birthday
naruto,naruto wallpaper
naruto,naruto 1 tail
naruto,naruto ultimate ninja storm 4 system requirements
naruto,naruto shippuden the movie
naruto,naruto kakashi
naruto,naruto x boruto ninja tribes
naruto,naruto watch order
naruto,naruto 4th shinobi war episodes
naruto,naruto 01 pdf
naruto,naruto vs jigen
naruto,naruto vs pain
naruto,naruto 0 tails
naruto,naruto x boruto ninja voltage mod apk
naruto,naruto 1000 years of death
naruto,naruto game pc
naruto,naruto 9 tails mode
naruto,naruto 374 sub indo facebook
naruto,naruto 6 paths funko pop
naruto,naruto senki mod
naruto,naruto wife
naruto,naruto 9 tails cloak
naruto,naruto 7 tails form
naruto,naruto jutsu hand
naruto,naruto cosplay
naruto,naruto game
naruto,naruto ultimate ninja storm 4
naruto,naruto zero tails
naruto,naruto 4
naruto,naruto ninja storm 3
naruto,naruto age in boruto
naruto,naruto 209
naruto,naruto jinchuuriki
naruto,naruto kekkei genkai
naruto,naruto ultimate ninja impact
naruto,naruto ps3
naruto,naruto global tv
naruto,naruto end game
naruto,naruto ultimate ninja 5
naruto,naruto 7 swordsmen swords
naruto,naruto sage mode
naruto,naruto 8 trigrams seal
naruto,naruto movie
naruto,naruto0919 face reveal
naruto,what episode does the 4 great ninja war start
naruto,naruto dan sasuke
naruto,naruto yamato
naruto,naruto wiki
naruto,naruto x boruto ninja tribes apk
naruto,naruto join akatsuki
naruto,naruto rating
naruto,naruto youtube
naruto,naruto gaara
naruto,naruto 4k
naruto,naruto zoom background
naruto,naruto 8 inner gates fanfiction
naruto,naruto quora
naruto,naruto 7th hokage time travel fanfiction
naruto,naruto necklace
naruto,naruto movie 3
naruto,naruto jacket
naruto,naruto indra
naruto,naruto 10 tails
naruto,naruto cake
naruto,naruto next generation
naruto,naruto jigen
naruto,naruto how many episodes
naruto,naruto and sasuke
naruto,naruto ultimate ninja storm 3
naruto,naruto ekor 9
naruto,naruto x kakashi
naruto,naruto 6 paths
naruto,naruto 7 hokage
naruto,naruto quotes japanese
naruto,naruto hinata wedding
naruto,naruto haku
naruto,naruto chibi
naruto,naruto 8th hokage
naruto,naruto kaguya
naruto,naruto 90s style
naruto,naruto height
naruto,naruto you are my friend
naruto,naruto online
naruto,naruto opening 16
naruto,naruto death
naruto,naruto wallpaper hd
naruto,naruto karakter
naruto,naruto vs delta
naruto,naruto delta
naruto,naruto family tree
naruto,naruto 9 tailed fox name
naruto,naruto the movie endgame
naruto,naruto 4 hokage revived episode
naruto,naruto questions
naruto,naruto hand signs
naruto,naruto father
naruto,naruto background
naruto,naruto blazing
naruto,naruto in ramen
naruto,naruto rinnegan
naruto,naruto gaiden
naruto,naruto pinterest
naruto,naruto arc list
naruto,naruto vs madara
naruto,naruto uzumaki
naruto,naruto live action
naruto,naruto hd
naruto,naruto food
naruto,naruto defense simulator codes
naruto,naruto0919
naruto,naruto 5 tails form
naruto,naruto opening 5
naruto,naruto pfp
naruto,naruto family
naruto,naruto vs sasuke
naruto,naruto ending song
naruto,naruto 6 tails form
naruto,naruto anime
naruto,naruto iruka
naruto,naruto lee
naruto,naruto the movie 1
naruto,naruto 6
naruto,naruto ramen
naruto,naruto font
naruto,does naruto fight in the 4th great ninja war
naruto,naruto 106 meaning
naruto,naruto characters girl
naruto,naruto episodes
naruto,naruto ps2
naruto,naruto quotes
naruto,naruto iqiyi
naruto,naruto the last the movie
naruto,naruto creator
naruto,naruto zanpakuto highschool dxd fanfiction
naruto,naruto opening
naruto,naruto itachi
naruto,naruto 3ds
naruto,naruto poster
naruto,naruto akatsuki
naruto,naruto ending
naruto,naruto 5v5 offline mod apk
naruto,naruto vs madara episode
naruto,naruto x boruto ninja voltage
naruto,naruto kurama
naruto,naruto 6 star astd
naruto,naruto png
naruto,naruto 9 tails chakra mode
naruto,naruto logo png
naruto,naruto 10 tails jinchuuriki fanfiction
naruto,naruto 5 tails
naruto,naruto mati
naruto,naruto fandom
naruto,naruto in order
naruto,naruto bertemu kushina episode berapa
naruto,naruto shippuden ultimate ninja impact
naruto,naruto 0 tailed beast
naruto,naruto imdb
naruto,naruto retsuden pdf
naruto,naruto vs pain episode
naruto,naruto ninja storm 4 ppsspp
naruto,naruto release date
naruto,naruto vs kaguya episode
naruto,naruto 8 tails
naruto,naruto fortnite
naruto,naruto x boruto ninja voltage apk
naruto,naruto episode 1 season 1
naruto,naruto netflix
naruto,naruto mod apk
naruto,naruto quotes english
naruto,naruto live wallpaper
naruto,naruto kid
naruto,naruto kecil
naruto,naruto kyuubi mode
naruto,naruto age
naruto,naruto movie 1
naruto,naruto 2002
naruto,naruto 2
naruto,naruto jutsu
naruto,will there be a 5th great ninja war
naruto,naruto 01
naruto,naruto element
naruto,naruto bijuu mode
naruto,naruto last movie
naruto,naruto jiraiya
naruto,narzo 20
naruto,naruto 6 paths mode
naruto,naruto ultimate ninja
naruto,naruto gomunime
naruto,naruto baryon mode
naruto,naruto 9 tails form
naruto,naruto arc
naruto,naruto total episodes
naruto,naruto x sasuke fanfiction
naruto,naruto and hinata
naruto,naruto online mobile
naruto,naruto 72
naruto,naruto 480 sub indo facebook
naruto,naruto novel
naruto,naruto zabuza
naruto,naruto dead
naruto,naruto run
naruto,naruto opening 3
naruto,naruto 71 funko pop
naruto,naruto 6 paths sage mode
naruto,naruto zetsu
naruto,naruto the movie 2021
naruto,naruto 1
naruto,naruto 09
naruto,naruto vs isshiki
naruto,naruto yura
naruto,naruto quotes about love
naruto,naruto 3d live wallpaper
naruto,naruto yagura
naruto,naruto bahasa indonesia
naruto,naruto live action movie
naruto,naruto senki
naruto,naruto ninja storm 4
naruto,naruto logo
naruto,naruto quiz
naruto,naruto x fortnite
naruto,naruto fanfiction
